532.954,849.902,178.449,104.294
506.586,913.408,168.951,105.254
549.268,816.13,182.527,103.926
742.869,2091.71,115,190.251
737.218,2464.38,115,188.799
365.815,2518.07,130.811,115
428.212,4061.86,115,115
321.408,3460.56,151.349,115
1316.46,3206.76,115,300
680.108,3357.21,115,174.125
460.099,4242.15,115,117.595
709.584,2281.71,115,181.699
356.191,3050.81,135.262,115
439.424,4136,115,115
513.922,2853.04,115,131.424
416.773,3338.55,115,115
976.84,889.09,115.739,195.828
515.064,2864.78,115,131.718
527.239,1018.19,145.637,119.764
779.917,2668.41,115,199.77
758.424,2620.03,115,194.248
961.825,1144.91,115.234,241.68
704.361,817.173,158.244,132.321
457.828,4229.56,115,117.011
479.387,3636.91,115,122.551
728.161,1501.85,115,186.472
861.753,1679.95,115,220.798
475.171,2761.99,115,121.468
718.107,2524.77,115,183.889
582.585,1003.99,144.42,130.628
732.806,1748.58,115,187.665
335.776,2403.09,144.704,115
574.995,982.166,148.895,126.571
727.23,1547.37,115,186.233
728.531,2353.87,115,186.567
643.222,1018.66,137.766,145.879
619.581,1518.11,115,158.573
470.942,3310.65,115,120.381
296.76,2654.11,162.748,115
372.677,2526.87,127.637,115
754.846,2177.99,115,193.328
557.132,962.512,154.057,120.632
330.246,2964.97,147.261,115
409.292,3062.84,115,115
507.086,2816.42,115,129.668
693.627,1189.8,115,177.599
779.341,936.967,135.95,164.069
718.01,2479.33,115,183.864
745.327,2556.66,115,190.883
606.45,984.586,145.88,133.677
748.498,2270.37,115,191.697
302.214,2307.61,160.226,115
316.052,3393.71,153.826,115
741.239,1938.79,115,189.832
299.404,2821.86,161.526,115
793.084,2692.15,115,203.154
793.456,2745.83,115,203.249
407.812,2671.66,115,115
367.371,3100.3,130.091,115
599.132,2821.63,115,153.319
580.75,1017.11,142.23,131.667
718.288,2283.06,115,183.935
792.434,2718.14,115,202.987
573.4,962.557,152.556,124.101
416.472,4022.69,115,115
468.636,2746.73,115,119.788
735.52,2268.37,115,188.363
447.935,3251.47,115,115
741.791,2545.58,115,189.974
590.095,2330.29,115,150.997
894.878,1669.22,115,229.309
417.369,2633.64,115,115
487.236,3119.55,115,124.568
349.521,3019.84,138.347,115
336.303,2929.42,144.46,115
527.853,3406.54,115,135.004
732.276,3009.63,115,187.529
753.48,1835.18,115,192.978
526.071,985.76,152.239,116.306
302.693,2280.36,160.005,115
560.77,995.291,147.64,124.872
761.347,4804.13,115,194.999
290.744,2605.77,165.531,115
533.024,833.997,181.558,102.733
440.858,2976.59,115,115
869.8,1677.82,115,222.865
719.186,3131.56,115,184.166
936.454,1732.21,115,239.992
566.187,1217.88,115,144.854
753.575,2219.3,115,193.002
345.052,2999.81,140.414,115
618.682,926.339,154.189,129.48
313.139,2810.9,155.173,115
414.847,2608.3,115,115
283.003,2768.53,169.111,115
710.923,3506.88,115,182.043
491.317,2822.43,115,125.616
415.101,3008.13,115,115
319.843,2744.98,152.072,115
386.271,3003.75,121.35,115
730.509,3639.1,115,187.075
765.611,4422.8,115,196.094
1896.86,1942.22,115,300
624.229,983.595,144.577,137.427
440.221,3289.16,115,115
447.189,3323.81,115,115
337.786,2971.15,143.774,115
728.949,2595.87,115,186.674
607.901,918.943,156.564,126.414
553.754,982.132,150.667,121.957
730.684,1965.7,115,187.12
444.788,2988.38,115,115
761.527,4636.22,115,195.045
744.256,4179.8,115,190.608
735.365,3010.75,115,188.323
714.048,2430.77,115,182.846
417.943,4022.53,115,115
688.58,1023.8,134.059,156.757
730.728,2277.1,115,187.131
427.127,3113.8,115,115
719.894,2298.69,115,184.348
344.066,2998.73,140.869,115
294.299,2619.2,163.886,115
662.376,1283.46,115,169.569
740.101,2393.65,115,189.54
730.471,2985.02,115,187.065
691.438,3876.49,115,177.036
386.379,2700.61,121.3,115
352.434,2899.72,136.999,115
470.779,3615.19,115,120.339
362.644,3094.89,132.277,115
380.308,2818.8,124.107,115
735.336,2141.1,115,188.316
961.077,914.871,117.447,197.595
653.241,1206.41,115,167.222
638.991,933.555,150.916,134.528
703.997,2468.82,115,180.263
740.31,2392.02,115,189.594
743.78,1904.64,115,190.485
300.419,2284.75,161.056,115
721.815,2343.93,115,184.841
819.023,2169.58,115,209.818
678.706,1302.37,115,173.765
661.049,1173.19,115,169.228
871.093,1017.75,122.534,196.939
362.207,3131.77,132.479,115
726.186,3003.51,115,185.964
290.385,2595.56,165.697,115
5672.17,2018.49,115,300
751.007,1813,115,192.342
733.14,3075.84,115,187.751
714.004,3706.74,115,182.834
734.08,1139.38,118.387,183.587
696.28,3848.13,115,178.28
654.39,1204.81,115,167.517
571.101,953.345,154.433,122.619
746.729,2456.98,115,191.243
730.023,937.531,140.965,153.915
658.697,973.269,143.206,143.614
741.791,2531.29,115,189.974
561.668,979.791,150.442,123.427
414.993,3327.48,115,115
598.798,940.247,153.987,126.975
697.465,3803.55,115,178.585
437.192,4124.04,115,115
740.516,2252.68,115,189.646
722.326,3675.84,115,184.973
734.04,2484.74,115,187.983
403.459,3304.22,115,115
653.884,1005.9,138.901,146.672
964.238,1192.5,115,247.13
739.75,1326.83,115,189.45
674.619,1266.47,115,172.715
792.504,2723.4,115,203.005
458.773,3361.51,115,117.254
345.988,2457.81,139.98,115
465.895,2735.17,115,119.084
419.874,2631.58,115,115
482.682,3095.48,115,123.397
618.762,786.584,176.38,113.141
485.936,3074.55,115,124.233
971.599,949.241,116.093,206.323
347.615,2429,139.228,115
410.962,2605.2,115,115
332.243,2917.76,146.338,115
337.789,2888.15,143.773,115
746.087,1471.21,115,191.078
1247.4,2088.44,115,300
729.027,2361.52,115,186.695
598.825,1020.44,140.442,136.103
611.214,3598.44,115,156.423
725.194,3621.85,115,185.71
455.718,4217.94,115,116.469
398.046,2583.43,115.904,115
359.902,2499.24,133.545,115
326.401,2920.24,149.04,115
716.286,3369.56,115,183.421
776.739,2564.29,115,198.954
430.214,3165.98,115,115
738.373,2425.26,115,189.096
624.511,1518.98,115,159.84
334.189,2876.29,145.438,115
340.646,2977.25,142.451,115
732.02,2497.84,115,187.464
741.835,2979.38,115,189.986
339.426,2885.22,143.015,115
4456.29,2457.9,115,300
715.46,2466.61,115,183.209
654.404,1779.09,115,167.52
736.903,3117.05,115,188.718
758.27,2601.56,115,194.208
727.355,3129.73,115,186.265
647.996,2529.98,115,165.874
356.661,2506.67,135.044,115
746.729,2440.86,115,191.243
705.13,1206.96,115,180.554
306.012,2236.63,158.469,115
4337.94,3311.63,115,300
459.742,3499.26,115,117.503
743.39,4984.94,115,190.385
642.56,785.853,172.475,117.241
504.539,1031.84,144.285,115.948
480.831,2792.03,115,122.922
573.4,965.678,151.995,124.439
709.341,1286.08,115,181.636
358.189,2506.1,134.338,115
610.635,1723.47,115,156.274
738.635,2245.44,115,189.163
691.538,1059.69,129.252,162.229
651.786,2112.07,115,166.848
361.804,3086.18,132.666,115
744.935,1209.09,115,190.782
381.885,3065.73,123.378,115
704.593,2780.82,115,180.416
710.364,3554.83,115,181.899
755.398,2631,115,193.47
298.74,2731.49,161.833,115
418.724,3367.75,115,115
348.894,2995.73,138.637,115
359.902,2487.9,133.545,115
743.889,1931.23,115,190.513
750.74,2038.33,115,192.274
318.653,2778.16,152.623,115
666.058,994.111,139.661,147.865
308.247,2309.9,157.436,115
350.771,2460.72,137.768,115
349.23,2426.43,138.481,115
315.974,2705.12,153.862,115
415.922,2692.22,115,115
771.27,4739.27,115,197.549
397.936,2562.4,115.955,115
464.328,3297.66,115,118.681
700.988,2401.3,115,179.49
356.661,2493.19,135.044,115
397.783,3265.01,116.026,115
438.586,2950.39,115,115
748.791,1815.11,115,191.773
724.157,2440.02,115,185.443
1947.02,3268.12,115,300
762.731,871.218,143.993,150.916
737.777,2348.37,115,188.943
812.571,2773.73,115,208.161
727.214,2988.17,115,186.229
719.075,2627.75,115,184.137
725.518,2365.09,115,185.793
500.928,2650.16,115,128.086
426.98,3656.46,115,115
648.587,1088.97,127.024,155.861
473.389,2727.72,115,121.01
713.656,1178.39,115,182.745
786.917,2669.9,115,201.569
298.884,2817.99,161.766,115
803.915,2842.86,115,205.937
731.842,3134.47,115,187.418
737.896,1965.66,115,188.973
533.434,2931.44,115,136.438
706.9,820.373,157.465,133.217
376.564,2539.76,125.839,115
733.526,2114.19,115,187.851
311.633,2851.6,155.87,115
716.126,1111.61,121.918,175.209
331.634,2716.2,146.619,115
938.325,1732.21,115,240.472
619.236,2304.88,115,158.484
571.187,1014.83,143.292,129.273
560.95,1207.18,115,143.508
703.378,2454.74,115,180.104
402.128,3286.68,115,115
741.753,1892.38,115,189.964
593.914,804.937,177.467,110.812
388.2,3215.32,120.457,115
790.966,2721.2,115,202.609
317.563,2803.3,153.127,115
696.415,3866.08,115,178.315
305.624,2756.9,158.649,115
505.058,2846.09,115,129.147
314.353,3407.86,154.612,115
404.541,3123.38,115,115
783.358,1649.93,115,200.654
460.427,4231.9,115,117.679
302.214,2824.2,160.226,115
719.019,2200.96,115,184.123
599.485,4054.38,115,153.409
362.704,3105.01,132.249,115
543.194,817.464,183.218,102.954
567.295,970.155,151.729,123.614
605.82,954.11,150.981,130.031
717.494,1227.83,115,183.731
340.643,2974,142.453,115
712.029,2374.72,115,182.327
725.072,2333.15,115,185.678
299.5,2305.45,161.481,115
730.203,3049.3,115,186.997
526.618,987.606,151.824,116.607
392.866,2578.52,118.3,115
723.878,2964.87,115,185.371
473.053,3428.17,115,120.923
330.091,2930.71,147.333,115
712.939,3676.65,115,182.561
695.503,3365.25,115,178.081
292.988,2581.66,164.493,115
416.557,2608.33,115,115
725.053,2349.91,115,185.673
491.775,3623.59,115,125.734
723.186,2504.95,115,185.194
465.568,4239.23,115,119
664.939,1247.19,115,170.227
668.989,1127.41,120.942,165.733
482.347,3281.7,115,123.311
619.023,1518.11,115,158.43
685.174,1127.01,120.688,169.692
735.89,2345.74,115,188.458
677.001,2379.28,115,173.327
971.599,932.218,116.177,203.056
397.377,3004.73,116.213,115
2083.72,2369.6,115,300
312.44,2772.66,155.496,115
723.497,2515.79,115,185.274
818.256,2817.73,115,209.621
4538.38,2439.22,115,300
507.142,1006.23,149.495,114.117
773.923,4754.93,115,198.23
638.469,1489.59,115,163.426
394.049,2550.37,117.752,115
548.569,985.905,150.377,121.221
716.586,2549.64,115,183.498
510.053,913.408,168.558,105.956
294.518,2793.83,163.786,115
431.939,2931.46,115,115
730.906,3191.46,115,187.177
432.941,2687.86,115,115
401.143,2589.69,115,115
894.64,986.43,122.162,196.701
312.924,3454.13,155.272,115
741.042,3545.91,115,189.782
368.484,3800.93,129.576,115
741.009,980.177,135.308,162.318
729.394,2521.53,115,186.789
735.24,2268.37,115,188.291
753.029,2549.5,115,192.861
421.039,4049.52,115,115
4369.1,3285.37,115,300
450.022,2702.07,115,115.006
743.163,2493.22,115,190.327
814.765,2869.28,115,208.724
759.426,2188.29,115,194.505
362.55,3088.64,132.32,115
579.399,1019.54,141.89,131.63
506.83,3421.84,115,129.602
303.986,2251,159.406,115
735.157,2416.05,115,188.27
502.367,2920.46,115,128.456
732.012,2484.08,115,187.461
819.631,1902.31,115,209.975
439.215,4099.67,115,115
444.377,3477.16,115,115
497.39,3133.97,115,127.177
747.987,1038.37,128.701,172.298
358.339,2512.18,134.268,115
807.184,2805.55,115,206.776
635.472,983.472,143.669,139.856
715.46,2482.04,115,183.209
278.028,2787.17,171.412,115
340.819,2956.51,142.371,115
726.821,3608.56,115,186.128
438.782,4098.7,115,115
731.92,2434.86,115,187.438
690.468,1031.58,132.933,158.222
374.008,2480.84,127.021,115
740.731,2971.6,115,189.702
742.751,2570.99,115,190.221
361.043,2408.28,133.018,115
722.256,2387.5,115,184.955
386.368,2995.17,121.305,115
437.569,2661.34,115,115
379.858,3720.07,124.316,115
743.635,2474.66,115,190.448
704.266,2767.91,115,180.332
451.816,3436.92,115,115.467
732.669,3600.46,115,187.63
1158.5,1805.15,115,297.045
666.585,1154.9,117.125,168.694
4268.6,3302.25,115,300
318.634,2212.56,152.632,115
696.572,1083.26,126.022,166.59
801.788,2807.21,115,205.39
741.692,3527.86,115,189.949
388.271,3007.66,120.425,115
329.605,2940.24,147.558,115
975.338,970.886,115.657,211.286
650.85,961.356,145.627,140.441
712.108,822.769,156.381,134.497
414.111,2653.34,115,115
733.32,2379.41,115,187.798
391.244,2570.82,119.05,115
447.998,2686.64,115,115
326.267,2247.56,149.101,115
723.349,2318.47,115,185.236
471.336,3042.55,115,120.482
327.855,2228.95,148.367,115
702.218,3860.57,115,179.806
4292.88,3373.58,115,300
419.194,3008.13,115,115
727.398,2960.6,115,186.276
724.968,1102.23,122.761,176.043
417.943,4034.49,115,115
766.094,1558.83,115,196.219
682.927,3294.55,115,174.849
735.272,1324.56,115,188.299
970.001,917.259,116.428,199.862
333.578,2836.35,145.72,115
736.838,2678.16,115,188.701
626.279,2350.4,115,160.294
602.697,2343.96,115,154.235
461.915,3388.51,115,118.061
664.86,1189.46,115,170.207
677.23,803.14,164.323,125.564
475.269,3611.52,115,121.493
819.008,2028.55,115,209.815
739.812,2268.18,115,189.466
742.48,2404.55,115,190.151
517.786,3290.85,115,132.417
303.629,2333.33,159.572,115
507.642,1017.31,147.14,115.277
425.199,2951.66,115,115
740.876,2966.76,115,189.739
424.551,4034.58,115,115
573.413,988.583,147.87,126.923
415.919,3144.92,115,115
737.853,2437.08,115,188.962
439.424,4124.04,115,115
300.419,2298.04,161.056,115
738.691,2995.09,115,189.178
508.98,2858.11,115,130.154
750.225,1436.12,115,192.141
491.268,3370.49,115,125.604
517.842,1004.49,149.075,116.326
452.222,4218.31,115,115.571
384.692,2815.3,122.08,115
547.907,952.449,156.825,117.633
370.578,3106.51,128.607,115
322.79,3467.27,150.709,115
433.448,3206.05,115,115
726.146,2510.97,115,185.954
304.531,2295.69,159.154,115
751.525,2246.66,115,192.475
727.175,2477.23,115,186.219
742.104,2196.2,115,190.054
698.102,1190.98,115,178.748
5678.38,2018.49,115,300
440.311,3221.14,115,115
599.314,769.37,182.525,107.783
1211.98,1858.73,115,300
574.068,984.907,148.479,126.667
487.236,2643.72,115,124.568
341.669,2990.61,141.978,115
421.41,3036.95,115,115
736.059,2445.02,115,188.501
612.004,969.905,147.818,133.175
416.812,4037.42,115,115
553.689,979.382,151.191,121.656
737.881,3596.69,115,188.969
844.628,1186.53,115,216.398
659.322,1197.05,115,168.784
819.97,1037.71,124.548,188.671
376.542,2692.22,125.849,115
326.267,2234.19,149.101,115
450.242,4207.2,115,115.062
731.917,2416.36,115,187.437
309.651,2797.06,156.787,115
741.291,2981.44,115,189.846
981.52,1726.17,115,251.571
718.081,2274.5,115,183.882
309.398,2542.69,156.903,115
665.419,1226.47,115,170.351
308.981,2848.28,157.096,115
377.601,2464,125.36,115
439.255,4121.93,115,115
393.58,2558.48,117.969,115
760.838,899.38,141.509,154.691
565.31,995.364,147.275,125.877
517.057,2883.41,115,132.23
760.03,2766.5,115,194.66
437.952,2811.11,115,115
297.646,2254.83,162.339,115
651.786,2461,115,166.848
763.263,1748.83,115,195.491
512.921,991.297,152.167,113.971
322.521,3433.99,150.834,115
722.47,3349.11,115,185.01
440.311,3209.75,115,115
606.199,950.03,151.619,129.642
721.473,3087.59,115,184.754
729.812,2968.37,115,186.896
302.345,2283.83,160.166,115
625.656,1592.72,115,160.134
647.338,2515.29,115,165.705
966.07,3270.64,115,247.601
661.294,1431.46,115,169.291
368.56,3790.82,129.541,115
495.953,1032.83,144.599,114.085
792.964,2818.43,115,203.123
815.619,2172.46,115,208.944
464.303,3581.76,115,118.675
431.92,2952.33,115,115
460.334,3002.68,115,117.655
643.253,1008.7,139.256,144.656
736.342,2421.17,115,188.574
293.208,2632.24,164.391,115
526.09,962.984,156.81,114.07
709.143,3607.26,115,181.585
332.867,2935.73,146.049,115
648.587,1047.86,133.101,150.725
392.5,3099.75,118.469,115
735.907,1985.81,115,188.462
531.586,998.93,149.174,118.819
640.144,961.278,146.626,138.155
377.966,3164.41,125.191,115
771.006,3524.29,115,197.481
697.525,2445.51,115,178.6
664.351,1224.22,115,170.076
737.243,4192.68,115,188.806
476.119,2742.85,115,121.711
740.061,1004.63,132.776,165.625
692.32,1274.85,115,177.263
730.799,3029.08,115,187.15
653.797,1170.45,115,167.365
728.863,2403.43,115,186.652
958.803,881.986,118.049,190.926
729.376,3042.76,115,186.784
486.197,2783.57,115,124.301
418.121,2895.88,115,115
641.633,1313.75,115,164.239
480.538,3637.11,115,122.846
783.42,2667.5,115,200.67
753.323,4198.06,115,192.937
636.852,2286.67,115,163.01
310.549,2355.88,156.371,115
464.352,3014,115,118.688
674.802,1235.59,115,172.762
728.517,2343.34,115,186.563
661.223,1123.01,121.717,163.245
663.768,1210.27,115,169.927
4287.06,3357.44,115,300
339.082,2445.92,143.175,115
736.937,2505.32,115,188.727
1793.15,1911.56,115,300
456.099,2699.7,115,116.567
329.519,2726.72,147.597,115
508.728,2875.25,115,130.09
357.995,3073.69,134.427,115
748.207,2341.65,115,191.623
335.76,2886.82,144.711,115
302.47,2280.91,160.108,115
635.231,2289.95,115,162.594
556.114,794.153,185.539,102.897
741.431,2959.57,115,189.882
489.996,3082.46,115,125.277
542.221,969.337,154.104,118.152
331.634,2703.32,146.619,115
537.612,2936.02,115,137.511
361.662,2943.28,132.731,115
671.355,1154.9,117.093,169.904
305.654,2643.78,158.635,115
393.811,3244.53,117.862,115
774.927,922.506,137.722,160.978
715.732,2150.14,115,183.278
642.642,1072.23,129.758,152.365
773.465,2718.7,115,198.112
541.987,988.328,150.443,120.034
313.867,2864.22,154.837,115
535.819,1126.29,123.685,132.613
428.967,2943.99,115,115
644.647,1047.86,133.314,149.815
327.671,2739.12,148.452,115
750.27,871.561,145.599,148.552
469.994,3658.84,115,120.137
356.548,3053.38,135.096,115
699.03,1237.07,115,178.987
725.417,2364.95,115,185.767
441.493,2944.24,115,115
347.828,3064.35,139.13,115
309.339,2341.28,156.931,115
711.382,3667.53,115,182.161
534.832,2918.39,115,136.797
519.845,3453.14,115,132.946
363.899,3096.15,131.697,115
474.911,3284.69,115,121.401
4466.21,2492.19,115,300
748.355,3667.61,115,191.661
427.423,4058.97,115,115
306.883,2558.86,158.067,115
322.528,3422.19,150.831,115
719.289,3225.58,115,184.192
457.423,3267.72,115,116.907
736.148,2574.35,115,188.524
410.418,2641.28,115,115
677.79,2399.24,115,173.529
723.7,3596.62,115,185.326
725.185,2611.07,115,185.707
894.06,1665.63,115,229.099
845.489,1683.36,115,216.619
681.686,1907.31,115,174.53
741.997,2254.63,115,190.027
387.007,2531.17,121.009,115
4430.69,3278.94,115,300
730.954,2580.28,115,187.19
728.864,1995.27,115,186.652
736.858,2360.75,115,188.706
659.177,1207.51,115,168.747
409.142,3093.72,115,115
382.876,2829.04,122.92,115
772.113,3577.82,115,197.765
315.4,3394.56,154.128,115
362.081,3094.99,132.537,115
597.177,4041.55,115,152.816
483.5,3057.58,115,123.608
634.085,937.878,150.767,134.036
1140.85,1808.1,115,292.51
655.695,1083.12,127.615,156.825
313.702,2359.72,154.913,115
973.235,931.8,116.007,203.313
329.383,3470.27,147.66,115
829.153,2020.47,115,212.421
687.875,1039.69,132.038,158.71
514.496,3196.94,115,131.572
1280.76,1827.37,115,300
466.354,3250.77,115,119.202
434.53,4093.22,115,115
672.923,1270.35,115,172.279
727.643,2426.01,115,186.339
383.348,2500.71,122.702,115
471.327,4275.46,115,120.48
741.281,2481.52,115,189.843
350.799,2442.53,137.755,115
674.519,981.819,140.67,148.128
719.623,3146.39,115,184.278
325.071,2369.63,149.655,115
419.714,2634.78,115,115
714.195,3506.88,115,182.884
947.243,1198.19,115,242.764
718.811,3157.21,115,184.07
635.649,924.874,152.586,132.785
294.901,2279.5,163.608,115
570.507,983.373,149.049,125.727
739.936,2473.37,115,189.498
489.786,3132.63,115,125.223
729.507,2257.84,115,186.818
325.006,2854.72,149.685,115
366.692,2701.83,130.405,115
536.703,963.189,155.799,116.351
450.022,2690.05,115,115.006
742.969,1133.3,118.914,184.927
492.366,2815.63,115,125.886
339.525,2977.24,142.969,115
316.021,2550.5,153.84,115
722.724,3608.86,115,185.075
724.327,3610.72,115,185.487
480.965,2763.78,115,122.956
327.699,2332.77,148.439,115
388.788,2538.19,120.186,115
741.471,1151.53,116.983,187.204
498.252,3638.97,115,127.398
304,2276.61,159.4,115
792.115,2755.02,115,202.905
941.211,1738.55,115,241.214
407.374,3057.05,115,115
747.658,935.783,139.334,157.323
701.049,2390.86,115,179.506
483.49,3078.21,115,123.605
782.176,930.629,136.215,163.694
304.911,2700.11,158.979,115
534.238,981.034,152.506,117.611
596.482,2778.94,115,152.638
431.867,4104.51,115,115
304.338,2844.48,159.244,115
449.009,3426.77,115,115
360.476,2711.95,133.28,115
296.216,2668.59,163,115
518.16,2784.02,115,132.513
759.684,2751.41,115,194.572
767.896,2595.74,115,196.682
742.683,3040.17,115,190.203
283.656,2828.78,168.809,115
441.119,2694.72,115,115
742.813,2379.48,115,190.237
314.749,2355.49,154.428,115
370.832,3143.79,128.49,115
743.397,2453.17,115,190.387
750.225,1383.43,115,192.141
471.273,3589.2,115,120.466
399.974,2543.2,115.012,115
744.749,2496,115,190.734
719.239,2267.42,115,184.179
752.771,4183.01,115,192.795
426.867,3112.05,115,115
610.678,2783.47,115,156.285
750.999,2323.14,115,192.34
967.133,898.145,116.88,195.635
720.639,2253.59,115,184.539
743.58,2554.49,115,190.434
337.204,2954.04,144.043,115
603.14,928.635,155.48,126.552
593.658,949.198,152.981,126.911
701.534,1235.57,115,179.63
861.452,1677.13,115,220.72
712.423,3416.67,115,182.428
464.158,3300.89,115,118.638
706.11,2518.48,115,180.806
4338.08,3280.2,115,300
317.198,2824.73,153.296,115
728.529,2313.93,115,186.566
741.15,2960.27,115,189.809
364.722,2505.11,131.316,115
739.262,3001.54,115,189.324
739.089,1816.76,115,189.28
325.275,2332.77,149.56,115
608.834,920.591,156.191,126.795
291.928,2249.4,164.983,115
495.396,1023.69,146.596,113.117
402.608,3126.89,115,115
448.911,4181.86,115,115
452.838,3540.99,115,115.729
733.501,2473.18,115,187.844
728.895,3050.17,115,186.661
346.175,2949.62,139.894,115
574.462,928.953,158.48,120.685
334.181,2935.86,145.441,115
398.529,2857.79,115.68,115
442.065,4151.56,115,115
527.853,3393.58,115,135.004
426.93,4036.67,115,115
450.239,4191.04,115,115.061
736.814,2459.44,115,188.695
671.519,994.111,139.236,149.064
750.657,2249.81,115,192.252
529.749,3420.17,115,135.491
317.438,3401.8,153.185,115
422.811,2644.9,115,115
492.525,3616.14,115,125.926
445.484,2980.9,115,115
334.278,2960.48,145.397,115
433.955,4106.42,115,115
283.506,2774.78,168.878,115
561.103,964.937,153.243,121.734
454.873,3357.68,115,116.252
387.69,2850.72,120.693,115
298.763,2314.31,161.822,115
623.248,1523.09,115,159.515
631.86,944.559,149.966,134.378
738.586,1624.19,115,189.151
337.129,2413.35,144.078,115
383.849,2979.85,122.47,115
486.945,2766.49,115,124.493
554.706,975.966,151.748,121.52
689.398,3390.46,115,176.512
674.027,2530.46,115,172.562
528.231,963.189,156.574,114.546
511.395,1013.67,147.643,115.772
547.23,1003.42,147.128,122.732
384.793,2524.31,122.033,115
521.163,2883.41,115,133.285
852.338,1693.52,115,218.378
467.29,4276.06,115,119.443
735.053,3113.5,115,188.243
645.125,2257.08,115,165.136
820.011,2169.58,115,210.072
748.51,2447.58,115,191.7
719.55,2451.1,115,184.259
756.635,4984.06,115,193.788
452.337,3478.5,115,115.6
738.987,2397.52,115,189.254
363.808,2996.94,131.739,115
289.422,3428.34,166.142,115
767.734,4391.32,115,196.64
943.763,1756.3,115,241.87
5469.83,2651.65,115,300
283.55,2763.95,168.858,115
304.857,2326.39,159.003,115
723.574,3402.82,115,185.293
747.071,1023.96,130.254,169.99
745.483,4953.56,115,190.923
322.086,3433.51,151.035,115
462.203,2725.49,115,118.135
315.052,2828.77,154.288,115
4273.46,3367.94,115,300
291.401,2577.19,165.227,115
741.221,2494.24,115,189.827
739.343,2994.32,115,189.345
422.488,4022.81,115,115
627.983,989.252,143.384,138.922
707.997,1178.51,115,181.291
716.9,1126.14,120.185,177.431
321.261,2267.74,151.417,115
495.912,1028.56,145.518,113.682
843.45,2010.73,115,216.095
304.531,2282.26,159.154,115
742.085,2960.97,115,190.05
706.012,2490.05,115,180.781
725.6,2625.91,115,185.814
580.688,791.054,182.018,106.925
686.81,1081.9,126.576,164.081
738.775,2363.07,115,189.199
395.555,3679.95,117.056,115
529.592,1005.81,147.952,119.062
311.942,2370.87,155.727,115
919.096,2257.03,115,235.532
741.513,1546.39,115,189.903
321.87,3383.73,151.135,115
720.882,1388.53,115,184.602
535.444,3403.57,115,136.954
560.95,1220.5,115,143.508
702.591,2771.48,115,179.902
742.173,3543.31,115,190.072
372.038,2928.11,127.932,115
728.824,2498.14,115,186.642
735.901,3548.03,115,188.461
436.988,3131.96,115,115
368.701,3167.17,129.476,115
283.695,2760.92,168.791,115
724.558,2671.18,115,185.546
729.247,2469,115,186.751
713.261,2442.41,115,182.643
744.827,2541.9,115,190.754
754.563,2584.78,115,193.256
635.41,1612.11,115,162.64
4481.15,2491.46,115,300
734.196,3027.93,115,188.023
673.084,3320.98,115,172.32
755.398,2616,115,193.47
295.536,2673.46,163.315,115
679.538,1150.61,117.616,171.413
492.64,1030.91,145.214,113.155
751.284,1598.97,115,192.413
736.895,1410.99,115,188.716
739.349,2458.29,115,189.347
750.017,3528.06,115,192.088
519.156,1102.88,128.824,126.198
705.653,2490.05,115,180.689
387.541,2537.51,120.762,115
488.109,3079.59,115,124.792
441.618,4133.52,115,115
1233.57,2056.01,115,300
364.824,2508.96,131.269,115
601.951,785.206,179.442,110.026
428.187,4076.88,115,115
741.007,4193.28,115,189.773
458.668,3379.19,115,117.227
730.032,2501.7,115,186.953
759.894,4754.82,115,194.625
382.693,3064.75,123.005,115
324.957,2222.24,149.708,115
741.916,2981.18,115,190.006
720.49,834.747,153.731,137.689
847.655,1864.61,115,217.175
737.721,2278.28,115,188.928
714.508,2248.15,115,182.964
485.783,2765,115,124.194
472.43,3306.09,115,120.763
453.683,3256.33,115,115.946
561.181,962.512,153.685,121.494
331.38,2916.34,146.737,115
711.509,2305.29,115,182.193
440.101,3313.42,115,115
394.151,3245.64,117.705,115
652.21,1537.12,115,166.957
609.319,784.403,178.326,111.229
737.66,2415.56,115,188.913
741.097,2962.49,115,189.796
308.119,2270.16,157.495,115
729.783,2428.19,115,186.889
391.93,3007.2,118.733,115
399.494,3286.4,115.234,115
760.893,1057.68,126.056,178.121
698.864,3854.58,115,178.944
747.689,848.832,148.271,144.777
744.44,2521.14,115,190.655
760.471,4766.27,115,194.774
327.855,2255.19,148.367,115
396.134,3275.81,116.788,115
830.061,2037.44,115,212.655
774.045,3574.94,115,198.261
384.055,3191.14,122.375,115
743.178,2298.57,115,190.33
523.497,2891.13,115,133.885
739.441,2357.81,115,189.37
743.54,3649.48,115,190.424
329.484,2964.97,147.613,115
507.252,3409.15,115,129.711
794.023,2740.56,115,203.395
380.061,2550.86,124.222,115
298.488,2291.49,161.949,115
319.485,2816.25,152.238,115
523.395,842.329,181.315,101.751
443.796,3491.86,115,115
416.557,2619.95,115,115
493.22,2791.23,115,126.105
839.298,1829.06,115,215.028
359.096,3082.52,133.918,115
683.371,1114.55,122.377,167.591
339.136,2971.15,143.15,115
400.109,3275.81,115,115
323.177,2912.61,150.531,115
683.166,1100.44,124.257,165.669
579.727,2772.21,115,148.333
527.018,2883.58,115,134.789
310.519,2689.16,156.385,115
736.288,3095.77,115,188.56
484.477,3342.31,115,123.859
434.809,4102.79,115,115
711.504,1301.42,115,182.192
397.084,2560.77,116.349,115
744.417,2270.83,115,190.649
1957.85,3348.11,115,300
330.986,2389.73,146.919,115
733.232,3612.35,115,187.775
5711.9,2165.45,115,300
746.655,1034.18,129.216,171.382
646.463,945.286,148.404,137.522
724.042,3036.4,115,185.414
565.914,805.202,181.917,105.804
723.526,2350.19,115,185.281
651.529,798.402,169.154,120.367
500.171,1037.55,143.335,115.487
329.222,2848.83,147.735,115
1014.54,1198.76,115,260.057
378.544,3170.04,124.923,115
623.223,787.06,175.553,113.982
745.16,2527.22,115,190.84
767.896,2577.62,115,196.682
730.825,2538.02,115,187.156
301.742,2281.07,160.445,115
679.374,3284.61,115,173.936
632.756,1476.71,115,161.958
408.637,2603.74,115,115
414.111,2641.28,115,115
740.093,2372.63,115,189.538
703.378,2469.6,115,180.104
750.687,2551,115,192.26
417.188,2611.23,115,115
415.223,4011.06,115,115
704.411,3903.64,115,180.369
746.73,2556.01,115,191.243
591.404,971.095,149.436,128.891
741.688,2269.96,115,189.948
782.037,871.352,141.437,154.676
436.611,4118.38,115,115
688.322,3315.57,115,176.235
478.019,3623.48,115,122.199
450.786,2696.79,115,115.202
491.274,1042.18,142.855,113.874
482.334,2656.53,115,123.308
696.572,1113.76,122.153,170.72
737.616,1847.44,115,188.901
441.874,2961.78,115,115
369.264,3144.34,129.216,115
379.913,2491.56,124.29,115
732.624,2082.11,115,187.619
382.154,2519.65,123.254,115
726.376,3090.81,115,186.013
734.406,2647.98,115,188.077
303.245,2361.02,159.749,115
367.665,3106.64,129.955,115
723.091,2469.31,115,185.169
318.639,2792.5,152.629,115
392.818,3091.26,118.322,115
844.456,1995.36,115,216.353
297.346,2648.85,162.478,115
483.29,2815.63,115,123.554
316.259,2734.56,153.73,115
761.357,4564.68,115,195.002
699.03,1189.8,115,178.987
515.076,1018,146.494,117.012
315.891,2320.02,153.9,115
444.025,2698.47,115,115
675.04,1083.02,126.883,161.424
960.557,898.238,117.668,194.342
448.599,3151.22,115,115
780.367,2773.19,115,199.886
4282.43,3285.37,115,300
488.35,2801.52,115,124.854
737.118,2584.47,115,188.773
655.695,1096.62,125.66,158.534
384.274,3170.78,122.273,115
532.93,3415.95,115,136.309
944.669,1756.3,115,242.103
773.523,901.041,139.842,157.472
712.029,2374.77,115,182.327
722.561,1308.98,115,185.033
553.326,830.428,179.221,106.14
467.539,3274.05,115,119.507
470.311,2770.3,115,120.219
757.017,2045.79,115,193.886
731.059,3122.29,115,187.217
771.644,2739.23,115,197.645
744.043,2606.73,115,190.553
731.264,2326.32,115,187.269
299.786,2318.45,161.349,115
373.694,2984.97,127.166,115
717.274,3491.38,115,183.675
756.311,2431.84,115,193.705
474.587,3548,115,121.317
756.542,900.731,141.889,154.031
607.443,2298.78,115,155.454
754.434,2540.71,115,193.223
303.62,2742.81,159.576,115
736.943,1830.72,115,188.728
741.681,2404.55,115,189.946
539.088,981.034,152.1,118.663
399.613,3125.14,115.179,115
735.381,1421.39,115,188.327
414.257,2591.46,115,115
705.628,1285.26,115,180.682
655.537,1146.33,118.446,164.802
636.852,2272.87,115,163.01
451.752,2699.7,115,115.45
785.745,2654.43,115,201.268
715.018,2578.04,115,183.095
373.331,3029.06,127.334,115
719.451,3208.63,115,184.234
369.843,2454.04,128.948,115
753.308,3641.8,115,192.933
736.461,3144.35,115,188.605
428.495,3160.47,115,115
552.201,946.54,157.529,117.926
613.401,2270.31,115,156.985
525.523,2875.95,115,134.405
389.177,3225.42,120.006,115
698.864,3869.34,115,178.944
744.365,2303.96,115,190.635
662.4,800.255,167.118,122.54
287.743,2769.69,166.919,115
368.431,2517.34,129.601,115
645.818,2257.08,115,165.314
429.828,4074.44,115,115
322.984,3430.53,150.62,115
740.451,1042.21,128.731,171.125
488.726,3355.84,115,124.951
730.997,3075.56,115,187.201
739.78,2478.63,115,189.457
739.395,2427.92,115,189.358
454.201,3429.89,115,116.08
334.947,2945.22,145.087,115
725.666,2265.87,115,185.831
736.486,3113.5,115,188.611
886.799,1150.62,115.828,223.811
701.584,2424.35,115,179.643
343.106,2456.96,141.313,115
360.006,3078.71,133.497,115
5445.4,2659.81,115,300
696.59,806.969,160.721,129.547
354.675,3042.77,135.963,115
614.792,796.374,175.484,113.575
609.797,4199.84,115,156.059
608.745,927.832,155.014,127.612
736.873,2433.65,115,188.711
736.17,2505.32,115,188.53
317.175,2827.4,153.306,115
306.968,2836.02,158.027,115
572.173,996.317,146.572,127.489
335.163,3359.31,144.987,115
713.163,1178.51,115,182.618
633.454,1015.05,138.978,143.244
726.683,3009.81,115,186.092
376.542,2704.21,125.849,115
754.517,4833.66,115,193.244
742.869,2075.94,115,190.251
320.896,2730.7,151.586,115
416.067,3089.39,115,115
713.656,1163.28,115.805,181.806
740.966,1207.77,115,189.762
482.779,3328.55,115,123.422
649.627,1071.83,129.515,153.963
515.185,3160.99,115,131.749
381.288,2537.51,123.654,115
364.422,2497.36,131.455,115
728.876,2493.04,115,186.656
329.512,2901.63,147.601,115
480.516,3572.15,115,122.841
614.52,962.728,148.756,132.876
792.652,3589.42,115,203.043
736.629,1763.33,115,188.648
494.226,2796.5,115,126.364
360.198,3074.51,133.408,115
735.891,3547.08,115,188.458
339.728,2410.62,142.876,115
894.654,1682.27,115,229.251
345.832,2460.72,140.053,115
735.464,3536.8,115,188.348
577.181,924.308,159.017,120.74
455.016,2708.83,115,116.289
746.588,3112.6,115,191.207
657.142,1094.22,125.96,158.578
486.13,3107.11,115,124.284
586.2,1002.02,144.499,131.21
768.916,3556.68,115,196.944
330.246,2932.42,147.261,115
308.043,2353.53,157.53,115
723.407,3349.11,115,185.25
695.758,3352.27,115,178.146
491.001,3373.07,115,125.535
746.692,3025.46,115,191.233
810.178,2860.47,115,207.546
791.54,2832.45,115,202.757
754.217,4984.38,115,193.167
652.051,1109.76,123.852,159.31
437.954,2944.24,115,115
682.923,3818.87,115,174.848
322.302,2537.01,150.935,115
650.716,960.47,145.768,140.302
401.747,3296.17,115,115
651.658,1029.14,135.67,149.087
311.489,2698.39,155.936,115
400.416,3262.61,115,115
303.362,2294.16,159.695,115
694.49,1144,118.334,174.298
802.061,2787.62,115,205.46
454.435,3247.67,115,116.139
737.362,3583.02,115,188.836
719.604,3530.07,115,184.273
781.724,4322.51,115,200.235
760.893,1072.98,124.555,180.397
497.288,3382.41,115,127.15
4282.43,3304.99,115,300
683.007,1027.08,133.987,155.931
775.474,2707.11,115,198.629
719.096,2263.5,115,184.143
546.285,979.382,151.815,120.054
730.75,3062.16,115,187.137
743.995,2313.84,115,190.54
571.65,977.981,149.93,125.393
696.28,3833.71,115,178.28
741.74,2954.09,115,189.961
479.409,3554.84,115,122.557
762.249,4765.78,115,195.231
736.315,3563.96,115,188.567
411.93,2603.74,115,115
712.546,2436.19,115,182.46
843.359,2167.14,115,216.071
729.408,3631.16,115,186.792
415.06,3153.59,115,115
638.923,996.7,141.382,142.224
504.462,3397.49,115,128.994
347.81,2703.32,139.138,115
292.278,2266.05,164.821,115
822.482,2023.25,115,210.707
467.445,3237.39,115,119.482
830.433,1867.92,115,212.75
461.136,2716.41,115,117.861
1945.6,3247.87,115,300
763.443,4817.86,115,195.537
761.527,4703.82,115,195.045
739.75,1363.05,115,189.45
803.591,2724.59,115,205.853
705.88,2468.82,115,180.747
285.272,2773.89,168.061,115
627.115,2306.93,115,160.509
721.482,3110.51,115,184.756
614.708,973.78,146.951,134.209
484.762,2784.91,115,123.932
482.398,3572.67,115,123.324
696.963,1219.37,115,178.456
750.425,980.168,134.518,164.357
414.161,2595,115,115
371.961,3155.96,127.968,115
438.706,3221.51,115,115
292.278,2251.9,164.821,115
523.546,3488.86,115,133.897
531.402,3474.61,115,135.916
425.364,3180.97,115,115
472.239,3617.39,115,120.714
739.802,2402.87,115,189.463
722.674,2252.38,115,185.062
400.408,2593.15,115,115
5403.57,2415.7,115,300
751.623,2074.3,115,192.5
715.501,2456.59,115,183.219
443.571,3243.91,115,115
1744.08,3363.97,115,300
652.17,1283.66,115,166.947
597.46,4010.33,115,152.889
626.944,1495.96,115,160.465
742.509,4130.37,115,190.159
731.542,1406.57,115,187.341
498.186,1021.9,146.8,113.58
723.104,2268.15,115,185.172
462.15,2689.27,115,118.122
699.175,3881.89,115,179.024
5465.88,2652.08,115,300
521.177,1013.44,147.011,117.938
570.507,985.822,148.605,125.991
447.726,3499.93,115,115
731.287,840.541,151.502,140.512
538.562,3436.57,115,137.755
1704.58,1861.5,115,300
632.588,2469.51,115,161.915
321.284,2299.77,151.406,115
713.682,3439.64,115,182.752
318.11,2897.29,152.874,115
814.024,1177.51,115,208.534
390.784,2531.17,119.262,115
333.142,2927.86,145.922,115
737.455,1379.57,115,188.86
772.936,3574.94,115,197.977
509.415,1025.55,145.3,116.459
5678.38,2170.06,115,300
359.157,2936.82,133.89,115
496.619,1024.57,146.329,113.474
654.11,781.849,171.096,118.776
730.07,3050.17,115,186.962
419.352,4032.36,115,115
456.015,3349.32,115,116.546
554.402,979.637,151.083,121.837
729.015,2328.63,115,186.691
533.803,2908.76,115,136.533
520.534,2862.58,115,133.123
1285.54,2449.21,115,300
743.854,2255.31,115,190.504
741.462,2408.65,115,189.889
313.039,2698.58,155.219,115
746.498,2540.82,115,191.183
746.349,1058.27,126.718,174.819
498.917,3666.43,115,127.569
768.119,4625.03,115,196.739
330.97,2742.75,146.926,115
448.115,3223.66,115,115
714.133,2285.13,115,182.868
451.384,3235.82,115,115.356
418.994,4010.25,115,115
530.305,839.373,180.9,102.757
1896.86,1922.6,115,300
413.474,3148.09,115,115
751.294,4225.54,115,192.416
